sample	chrom	position	ref_allele	total_cov	A	C	G	T	count_A	count_C	count_G	count_T	count_ref	percent_ref	count_alt	percent_alt
s10_S10_L001	chr11	17415767	A	8010	A	C	G	T	8005	4	1	0	8005	99.938	4	0.05
s11_S11_L001	chr11	17415767	A	8010	A	C	G	T	8006	2	2	0	8006	99.95	2	0.025
s1_S1_L001	chr11	17415767	A	8010	A	C	G	T	8008	2	0	0	8008	99.975	2	0.025
s2_S2_L001	chr11	17415767	A	8010	A	C	G	T	8009	1	0	0	8009	99.988	1	0.012
s3_S3_L001	chr11	17415767	A	8010	A	C	G	T	8008	2	0	0	8008	99.975	2	0.025
s4_S4_L001	chr11	17415767	A	8010	A	C	G	T	8008	1	0	1	8008	99.975	1	0.012
s5_S5_L001	chr11	17415767	A	8010	A	C	G	T	8008	1	1	0	8008	99.975	1	0.012
s6_S6_L001	chr11	17415767	A	8010	A	C	G	T	8010	0	0	0	8010	100	0	0
s7_S7_L001	chr11	17415767	A	8010	A	C	G	T	8010	0	0	0	8010	100	0	0
s8_S8_L001	chr11	17415767	A	8010	A	C	G	T	8005	3	2	0	8005	99.938	3	0.037
s9_S9_L001	chr11	17415767	A	8010	A	C	G	T	8008	1	1	0	8008	99.975	1	0.012
